YEAR,MONTH,Datetime,Rainfall
1901,Jan,01-01-1901,5.082
1901,Feb,01-02-1901,0.769
1901,Mar,01-03-1901,0.182
1901,Apr,01-04-1901,0.291
1901,May,01-05-1901,3.47
1901,Jun,01-06-1901,18.436
1901,Jul,01-07-1901,185.767
1901,Aug,01-08-1901,108.43
1901,Sep,01-09-1901,6.478
1901,Oct,01-10-1901,8.023
1901,Nov,01-11-1901,0.039
1901,Dec,01-12-1901,6.618
1902,Jan,01-01-1902,0.991
1902,Feb,01-02-1902,0
1902,Mar,01-03-1902,0.004
1902,Apr,01-04-1902,0.04
1902,May,01-05-1902,0.231
1902,Jun,01-06-1902,69.584
1902,Jul,01-07-1902,89.631
1902,Aug,01-08-1902,99.575
1902,Sep,01-09-1902,66.101
1902,Oct,01-10-1902,2.721
1902,Nov,01-11-1902,7.319
1902,Dec,01-12-1902,0.558
1903,Jan,01-01-1903,0.337
1903,Feb,01-02-1903,0.089
1903,Mar,01-03-1903,1.305
1903,Apr,01-04-1903,0
1903,May,01-05-1903,11.937
1903,Jun,01-06-1903,3.44
1903,Jul,01-07-1903,287.291
1903,Aug,01-08-1903,185.468
1903,Sep,01-09-1903,147.905
1903,Oct,01-10-1903,2.383
1903,Nov,01-11-1903,0.039
1903,Dec,01-12-1903,0
1904,Jan,01-01-1904,0.429
1904,Feb,01-02-1904,2.02
1904,Mar,01-03-1904,26.237
1904,Apr,01-04-1904,0
1904,May,01-05-1904,14.769
1904,Jun,01-06-1904,51.707
1904,Jul,01-07-1904,117.672
1904,Aug,01-08-1904,79.146
1904,Sep,01-09-1904,68.75
1904,Oct,01-10-1904,11.705
1904,Nov,01-11-1904,5.116
1904,Dec,01-12-1904,11.12
1905,Jan,01-01-1905,4.074
1905,Feb,01-02-1905,6.229
1905,Mar,01-03-1905,2.075
1905,Apr,01-04-1905,8.199
1905,May,01-05-1905,2.768
1905,Jun,01-06-1905,20.722
1905,Jul,01-07-1905,99.946
1905,Aug,01-08-1905,9.432
1905,Sep,01-09-1905,62.886
1905,Oct,01-10-1905,0
1905,Nov,01-11-1905,0.039
1905,Dec,01-12-1905,0.19
1906,Jan,01-01-1906,0
1906,Feb,01-02-1906,43.472
1906,Mar,01-03-1906,3.039
1906,Apr,01-04-1906,0
1906,May,01-05-1906,1.03
1906,Jun,01-06-1906,48.59
1906,Jul,01-07-1906,160.278
1906,Aug,01-08-1906,72.257
1906,Sep,01-09-1906,136.599
1906,Oct,01-10-1906,0.059
1906,Nov,01-11-1906,0.039
1906,Dec,01-12-1906,18.342
1907,Jan,01-01-1907,4.374
1907,Feb,01-02-1907,20.537
1907,Mar,01-03-1907,0.667
1907,Apr,01-04-1907,14.725
1907,May,01-05-1907,4.882
1907,Jun,01-06-1907,10.65
1907,Jul,01-07-1907,86.726
1907,Aug,01-08-1907,261.89
1907,Sep,01-09-1907,1.833
1907,Oct,01-10-1907,0
1907,Nov,01-11-1907,0.45
1907,Dec,01-12-1907,0
1908,Jan,01-01-1908,11.288
1908,Feb,01-02-1908,0
1908,Mar,01-03-1908,0
1908,Apr,01-04-1908,0.422
1908,May,01-05-1908,3.262
1908,Jun,01-06-1908,27.672
1908,Jul,01-07-1908,432.441
1908,Aug,01-08-1908,313.776
1908,Sep,01-09-1908,288.739
1908,Oct,01-10-1908,0.893
1908,Nov,01-11-1908,6.134
1908,Dec,01-12-1908,0.19
1909,Jan,01-01-1909,13.532
1909,Feb,01-02-1909,0.223
1909,Mar,01-03-1909,0
1909,Apr,01-04-1909,26.655
1909,May,01-05-1909,5.956
1909,Jun,01-06-1909,40.131
1909,Jul,01-07-1909,323.511
1909,Aug,01-08-1909,61.572
1909,Sep,01-09-1909,256.662
1909,Oct,01-10-1909,0
1909,Nov,01-11-1909,0.039
1909,Dec,01-12-1909,5.524
1910,Jan,01-01-1910,2.646
1910,Feb,01-02-1910,0.715
1910,Mar,01-03-1910,0
1910,Apr,01-04-1910,9.81
1910,May,01-05-1910,2.865
1910,Jun,01-06-1910,109.868
1910,Jul,01-07-1910,84.464
1910,Aug,01-08-1910,170.467
1910,Sep,01-09-1910,38.937
1910,Oct,01-10-1910,2.553
1910,Nov,01-11-1910,0.766
1910,Dec,01-12-1910,0
1911,Jan,01-01-1911,3.577
1911,Feb,01-02-1911,0
1911,Mar,01-03-1911,21.05
1911,Apr,01-04-1911,0
1911,May,01-05-1911,0.004
1911,Jun,01-06-1911,38.845
1911,Jul,01-07-1911,20.769
1911,Aug,01-08-1911,33.769
1911,Sep,01-09-1911,136.674
1911,Oct,01-10-1911,0
1911,Nov,01-11-1911,31.972
1911,Dec,01-12-1911,1.232
1912,Jan,01-01-1912,1.65
1912,Feb,01-02-1912,0.089
1912,Mar,01-03-1912,0.087
1912,Apr,01-04-1912,1.152
1912,May,01-05-1912,1.03
1912,Jun,01-06-1912,62.467
1912,Jul,01-07-1912,196.551
1912,Aug,01-08-1912,231.075
1912,Sep,01-09-1912,68.823
1912,Oct,01-10-1912,19.958
1912,Nov,01-11-1912,55.868
1912,Dec,01-12-1912,0.41
1913,Jan,01-01-1913,0
1913,Feb,01-02-1913,3.473
1913,Mar,01-03-1913,1.401
1913,Apr,01-04-1913,0
1913,May,01-05-1913,12.739
1913,Jun,01-06-1913,50.94
1913,Jul,01-07-1913,96.399
1913,Aug,01-08-1913,58.362
1913,Sep,01-09-1913,72.984
1913,Oct,01-10-1913,0
1913,Nov,01-11-1913,0.047
1913,Dec,01-12-1913,1.797
1914,Jan,01-01-1914,0
1914,Feb,01-02-1914,3.628
1914,Mar,01-03-1914,0.184
1914,Apr,01-04-1914,4.707
1914,May,01-05-1914,14.813
1914,Jun,01-06-1914,96.292
1914,Jul,01-07-1914,148.925
1914,Aug,01-08-1914,117.045
1914,Sep,01-09-1914,104.604
1914,Oct,01-10-1914,2.955
1914,Nov,01-11-1914,37.954
1914,Dec,01-12-1914,0.4
1915,Jan,01-01-1915,5.017
1915,Feb,01-02-1915,5.559
1915,Mar,01-03-1915,28.074
1915,Apr,01-04-1915,2.252
1915,May,01-05-1915,3.097
1915,Jun,01-06-1915,30.884
1915,Jul,01-07-1915,75.883
1915,Aug,01-08-1915,45.145
1915,Sep,01-09-1915,33.34
1915,Oct,01-10-1915,53.144
1915,Nov,01-11-1915,0.182
1915,Dec,01-12-1915,0.339
1916,Jan,01-01-1916,0
1916,Feb,01-02-1916,0.838
1916,Mar,01-03-1916,0.184
1916,Apr,01-04-1916,0.198
1916,May,01-05-1916,23.329
1916,Jun,01-06-1916,34.946
1916,Jul,01-07-1916,125.972
1916,Aug,01-08-1916,304.538
1916,Sep,01-09-1916,140.098
1916,Oct,01-10-1916,10.985
1916,Nov,01-11-1916,2.471
1916,Dec,01-12-1916,0
1917,Jan,01-01-1917,1.065
1917,Feb,01-02-1917,9.959
1917,Mar,01-03-1917,0.281
1917,Apr,01-04-1917,17.575
1917,May,01-05-1917,59.422
1917,Jun,01-06-1917,198.547
1917,Jul,01-07-1917,243.632
1917,Aug,01-08-1917,386.326
1917,Sep,01-09-1917,242.147
1917,Oct,01-10-1917,28.464
1917,Nov,01-11-1917,0.039
1917,Dec,01-12-1917,17.203
1918,Jan,01-01-1918,1.202
1918,Feb,01-02-1918,0
1918,Mar,01-03-1918,3.291
1918,Apr,01-04-1918,0
1918,May,01-05-1918,9.594
1918,Jun,01-06-1918,15.226
1918,Jul,01-07-1918,25.44
1918,Aug,01-08-1918,60.958
1918,Sep,01-09-1918,11.76
1918,Oct,01-10-1918,0
1918,Nov,01-11-1918,3.457
1918,Dec,01-12-1918,0
1919,Jan,01-01-1919,10.558
1919,Feb,01-02-1919,0
1919,Mar,01-03-1919,0.286
1919,Apr,01-04-1919,31.999
1919,May,01-05-1919,6.123
1919,Jun,01-06-1919,20.565
1919,Jul,01-07-1919,208.245
1919,Aug,01-08-1919,149.909
1919,Sep,01-09-1919,50.918
1919,Oct,01-10-1919,3.875
1919,Nov,01-11-1919,21.571
1919,Dec,01-12-1919,1.025
1920,Jan,01-01-1920,3.737
1920,Feb,01-02-1920,3.83
1920,Mar,01-03-1920,1.908
1920,Apr,01-04-1920,0
1920,May,01-05-1920,29.171
1920,Jun,01-06-1920,146.164
1920,Jul,01-07-1920,141.925
1920,Aug,01-08-1920,29.881
1920,Sep,01-09-1920,17.026
1920,Oct,01-10-1920,0
1920,Nov,01-11-1920,0.039
1920,Dec,01-12-1920,0
1921,Jan,01-01-1921,2.264
1921,Feb,01-02-1921,0
1921,Mar,01-03-1921,0
1921,Apr,01-04-1921,0.04
1921,May,01-05-1921,0.004
1921,Jun,01-06-1921,20.897
1921,Jul,01-07-1921,124.478
1921,Aug,01-08-1921,74.848
1921,Sep,01-09-1921,103.106
1921,Oct,01-10-1921,0
1921,Nov,01-11-1921,0.039
1921,Dec,01-12-1921,0
1922,Jan,01-01-1922,1.424
1922,Feb,01-02-1922,0.838
1922,Mar,01-03-1922,0.036
1922,Apr,01-04-1922,0.348
1922,May,01-05-1922,1.304
1922,Jun,01-06-1922,36.502
1922,Jul,01-07-1922,174.243
1922,Aug,01-08-1922,49.711
1922,Sep,01-09-1922,154.297
1922,Oct,01-10-1922,0.602
1922,Nov,01-11-1922,4.715
1922,Dec,01-12-1922,5.372
1923,Jan,01-01-1923,1.949
1923,Feb,01-02-1923,6.439
1923,Mar,01-03-1923,2.133
1923,Apr,01-04-1923,0.526
1923,May,01-05-1923,4.448
1923,Jun,01-06-1923,3.636
1923,Jul,01-07-1923,318.651
1923,Aug,01-08-1923,178.468
1923,Sep,01-09-1923,56.236
1923,Oct,01-10-1923,1.823
1923,Nov,01-11-1923,0.039
1923,Dec,01-12-1923,1.108
1924,Jan,01-01-1924,0.985
1924,Feb,01-02-1924,2.335
1924,Mar,01-03-1924,0.199
1924,Apr,01-04-1924,0
1924,May,01-05-1924,13.261
1924,Jun,01-06-1924,28.257
1924,Jul,01-07-1924,173.095
1924,Aug,01-08-1924,96.739
1924,Sep,01-09-1924,156.313
1924,Oct,01-10-1924,6.354
1924,Nov,01-11-1924,0.555
1924,Dec,01-12-1924,20.793
1925,Jan,01-01-1925,0
1925,Feb,01-02-1925,0
1925,Mar,01-03-1925,0
1925,Apr,01-04-1925,0
1925,May,01-05-1925,12.179
1925,Jun,01-06-1925,94.669
1925,Jul,01-07-1925,189.425
1925,Aug,01-08-1925,64.993
1925,Sep,01-09-1925,10.21
1925,Oct,01-10-1925,0
1925,Nov,01-11-1925,30.13
1925,Dec,01-12-1925,0.042
1926,Jan,01-01-1926,19.759
1926,Feb,01-02-1926,0.677
1926,Mar,01-03-1926,25.67
1926,Apr,01-04-1926,6.289
1926,May,01-05-1926,12.529
1926,Jun,01-06-1926,11.719
1926,Jul,01-07-1926,150.411
1926,Aug,01-08-1926,238.098
1926,Sep,01-09-1926,236.959
1926,Oct,01-10-1926,0
1926,Nov,01-11-1926,2.272
1926,Dec,01-12-1926,0
1927,Jan,01-01-1927,0
1927,Feb,01-02-1927,6.497
1927,Mar,01-03-1927,0.161
1927,Apr,01-04-1927,0.348
1927,May,01-05-1927,5.645
1927,Jun,01-06-1927,16.276
1927,Jul,01-07-1927,226.624
1927,Aug,01-08-1927,332.879
1927,Sep,01-09-1927,73.396
1927,Oct,01-10-1927,10.979
1927,Nov,01-11-1927,16.942
1927,Dec,01-12-1927,12.568
1928,Jan,01-01-1928,1.271
1928,Feb,01-02-1928,4.957
1928,Mar,01-03-1928,0.272
1928,Apr,01-04-1928,0
1928,May,01-05-1928,0.648
1928,Jun,01-06-1928,10.745
1928,Jul,01-07-1928,163.753
1928,Aug,01-08-1928,190.028
1928,Sep,01-09-1928,72.892
1928,Oct,01-10-1928,36.64
1928,Nov,01-11-1928,27.332
1928,Dec,01-12-1928,7.672
1929,Jan,01-01-1929,0.405
1929,Feb,01-02-1929,1.264
1929,Mar,01-03-1929,0
1929,Apr,01-04-1929,7.588
1929,May,01-05-1929,2.168
1929,Jun,01-06-1929,45.372
1929,Jul,01-07-1929,176.454
1929,Aug,01-08-1929,187.611
1929,Sep,01-09-1929,11.934
1929,Oct,01-10-1929,1.656
1929,Nov,01-11-1929,0.039
1929,Dec,01-12-1929,9.77
1930,Jan,01-01-1930,3.659
1930,Feb,01-02-1930,0.53
1930,Mar,01-03-1930,0
1930,Apr,01-04-1930,3.204
1930,May,01-05-1930,19.477
1930,Jun,01-06-1930,96.553
1930,Jul,01-07-1930,179.445
1930,Aug,01-08-1930,83.078
1930,Sep,01-09-1930,24.834
1930,Oct,01-10-1930,14.381
1930,Nov,01-11-1930,0.329
1930,Dec,01-12-1930,0
1931,Jan,01-01-1931,0
1931,Feb,01-02-1931,0.844
1931,Mar,01-03-1931,0.818
1931,Apr,01-04-1931,0.04
1931,May,01-05-1931,3.779
1931,Jun,01-06-1931,26.754
1931,Jul,01-07-1931,83.302
1931,Aug,01-08-1931,383.267
1931,Sep,01-09-1931,63.727
1931,Oct,01-10-1931,42.525
1931,Nov,01-11-1931,0.329
1931,Dec,01-12-1931,0
1932,Jan,01-01-1932,0
1932,Feb,01-02-1932,1.454
1932,Mar,01-03-1932,7.099
1932,Apr,01-04-1932,1.706
1932,May,01-05-1932,1.641
1932,Jun,01-06-1932,36.836
1932,Jul,01-07-1932,122.843
1932,Aug,01-08-1932,367.795
1932,Sep,01-09-1932,49.637
1932,Oct,01-10-1932,0.792
1932,Nov,01-11-1932,0.039
1932,Dec,01-12-1932,0
1933,Jan,01-01-1933,0
1933,Feb,01-02-1933,8.403
1933,Mar,01-03-1933,5.999
1933,Apr,01-04-1933,21.643
1933,May,01-05-1933,23.207
1933,Jun,01-06-1933,161.212
1933,Jul,01-07-1933,78.325
1933,Aug,01-08-1933,399.741
1933,Sep,01-09-1933,121.493
1933,Oct,01-10-1933,7.05
1933,Nov,01-11-1933,1.175
1933,Dec,01-12-1933,1.577
1934,Jan,01-01-1934,1.634
1934,Feb,01-02-1934,0
1934,Mar,01-03-1934,6.342
1934,Apr,01-04-1934,0
1934,May,01-05-1934,0.004
1934,Jun,01-06-1934,147.299
1934,Jul,01-07-1934,84.217
1934,Aug,01-08-1934,282.24
1934,Sep,01-09-1934,50.292
1934,Oct,01-10-1934,0.017
1934,Nov,01-11-1934,9.885
1934,Dec,01-12-1934,4.934
1935,Jan,01-01-1935,11.194
1935,Feb,01-02-1935,1.103
1935,Mar,01-03-1935,1.924
1935,Apr,01-04-1935,19.969
1935,May,01-05-1935,2.509
1935,Jun,01-06-1935,11.555
1935,Jul,01-07-1935,237.447
1935,Aug,01-08-1935,50.198
1935,Sep,01-09-1935,114.58
1935,Oct,01-10-1935,14.818
1935,Nov,01-11-1935,0.039
1935,Dec,01-12-1935,0.804
1936,Jan,01-01-1936,0
1936,Feb,01-02-1936,5.953
1936,Mar,01-03-1936,20.494
1936,Apr,01-04-1936,2.116
1936,May,01-05-1936,8.279
1936,Jun,01-06-1936,159.842
1936,Jul,01-07-1936,96.872
1936,Aug,01-08-1936,107.165
1936,Sep,01-09-1936,79.281
1936,Oct,01-10-1936,0
1936,Nov,01-11-1936,34.691
1936,Dec,01-12-1936,1.838
1937,Jan,01-01-1937,0
1937,Feb,01-02-1937,12.51
1937,Mar,01-03-1937,0
1937,Apr,01-04-1937,0.689
1937,May,01-05-1937,1.955
1937,Jun,01-06-1937,20.23
1937,Jul,01-07-1937,191.096
1937,Aug,01-08-1937,16.443
1937,Sep,01-09-1937,160.091
1937,Oct,01-10-1937,4.398
1937,Nov,01-11-1937,2.288
1937,Dec,01-12-1937,4.033
1938,Jan,01-01-1938,0.575
1938,Feb,01-02-1938,0
1938,Mar,01-03-1938,3.633
1938,Apr,01-04-1938,0.129
1938,May,01-05-1938,12.611
1938,Jun,01-06-1938,184.169
1938,Jul,01-07-1938,166.122
1938,Aug,01-08-1938,68.987
1938,Sep,01-09-1938,29.756
1938,Oct,01-10-1938,4.06
1938,Nov,01-11-1938,0.039
1938,Dec,01-12-1938,0
1939,Jan,01-01-1939,0.93
1939,Feb,01-02-1939,4.022
1939,Mar,01-03-1939,9.492
1939,Apr,01-04-1939,1.011
1939,May,01-05-1939,0.004
1939,Jun,01-06-1939,36.426
1939,Jul,01-07-1939,95.995
1939,Aug,01-08-1939,131.53
1939,Sep,01-09-1939,44.68
1939,Oct,01-10-1939,0.404
1939,Nov,01-11-1939,1.007
1939,Dec,01-12-1939,0.697
1940,Jan,01-01-1940,2.843
1940,Feb,01-02-1940,10.312
1940,Mar,01-03-1940,23.731
1940,Apr,01-04-1940,1.521
1940,May,01-05-1940,8.169
1940,Jun,01-06-1940,32.81
1940,Jul,01-07-1940,179.804
1940,Aug,01-08-1940,164.446
1940,Sep,01-09-1940,13.695
1940,Oct,01-10-1940,8.129
1940,Nov,01-11-1940,6.465
1940,Dec,01-12-1940,0.426
1941,Jan,01-01-1941,3.258
1941,Feb,01-02-1941,2.604
1941,Mar,01-03-1941,0.328
1941,Apr,01-04-1941,0.291
1941,May,01-05-1941,7.618
1941,Jun,01-06-1941,5.985
1941,Jul,01-07-1941,129.066
1941,Aug,01-08-1941,112.257
1941,Sep,01-09-1941,68.328
1941,Oct,01-10-1941,4.26
1941,Nov,01-11-1941,0.039
1941,Dec,01-12-1941,0.419
1942,Jan,01-01-1942,5.501
1942,Feb,01-02-1942,5.849
1942,Mar,01-03-1942,0
1942,Apr,01-04-1942,12.946
1942,May,01-05-1942,11.528
1942,Jun,01-06-1942,22.169
1942,Jul,01-07-1942,280.147
1942,Aug,01-08-1942,185.295
1942,Sep,01-09-1942,73.658
1942,Oct,01-10-1942,0
1942,Nov,01-11-1942,0.039
1942,Dec,01-12-1942,2.28
1943,Jan,01-01-1943,2.363
1943,Feb,01-02-1943,0
1943,Mar,01-03-1943,0
1943,Apr,01-04-1943,13.695
1943,May,01-05-1943,7.014
1943,Jun,01-06-1943,36.438
1943,Jul,01-07-1943,422.013
1943,Aug,01-08-1943,124.634
1943,Sep,01-09-1943,219.452
1943,Oct,01-10-1943,1.643
1943,Nov,01-11-1943,0.039
1943,Dec,01-12-1943,0
1944,Jan,01-01-1944,16.106
1944,Feb,01-02-1944,3.003
1944,Mar,01-03-1944,31.014
1944,Apr,01-04-1944,4.364
1944,May,01-05-1944,0.262
1944,Jun,01-06-1944,36.553
1944,Jul,01-07-1944,251.241
1944,Aug,01-08-1944,325.125
1944,Sep,01-09-1944,54.444
1944,Oct,01-10-1944,10.916
1944,Nov,01-11-1944,0.039
1944,Dec,01-12-1944,0
1945,Jan,01-01-1945,8.044
1945,Feb,01-02-1945,0
1945,Mar,01-03-1945,0
1945,Apr,01-04-1945,2.301
1945,May,01-05-1945,15.109
1945,Jun,01-06-1945,24.127
1945,Jul,01-07-1945,382.578
1945,Aug,01-08-1945,178.958
1945,Sep,01-09-1945,66.155
1945,Oct,01-10-1945,0.181
1945,Nov,01-11-1945,0.039
1945,Dec,01-12-1945,0
1946,Jan,01-01-1946,0
1946,Feb,01-02-1946,0.893
1946,Mar,01-03-1946,0
1946,Apr,01-04-1946,0.487
1946,May,01-05-1946,5.394
1946,Jun,01-06-1946,51.897
1946,Jul,01-07-1946,127.249
1946,Aug,01-08-1946,206.001
1946,Sep,01-09-1946,18.598
1946,Oct,01-10-1946,0.313
1946,Nov,01-11-1946,11.707
1946,Dec,01-12-1946,1.228
1947,Jan,01-01-1947,0.776
1947,Feb,01-02-1947,0.958
1947,Mar,01-03-1947,0.053
1947,Apr,01-04-1947,0.655
1947,May,01-05-1947,0.746
1947,Jun,01-06-1947,8.839
1947,Jul,01-07-1947,110.917
1947,Aug,01-08-1947,218.901
1947,Sep,01-09-1947,253.37
1947,Oct,01-10-1947,29.935
1947,Nov,01-11-1947,0.039
1947,Dec,01-12-1947,1.714
1948,Jan,01-01-1948,12.576
1948,Feb,01-02-1948,5.561
1948,Mar,01-03-1948,2.236
1948,Apr,01-04-1948,1.255
1948,May,01-05-1948,4.685
1948,Jun,01-06-1948,33.803
1948,Jul,01-07-1948,296.74
1948,Aug,01-08-1948,140.553
1948,Sep,01-09-1948,39.552
1948,Oct,01-10-1948,2.318
1948,Nov,01-11-1948,7.139
1948,Dec,01-12-1948,0
1949,Jan,01-01-1949,5.811
1949,Feb,01-02-1949,1.478
1949,Mar,01-03-1949,0.004
1949,Apr,01-04-1949,0
1949,May,01-05-1949,4.131
1949,Jun,01-06-1949,29.181
1949,Jul,01-07-1949,252.869
1949,Aug,01-08-1949,97.903
1949,Sep,01-09-1949,74.913
1949,Oct,01-10-1949,11.523
1949,Nov,01-11-1949,0.039
1949,Dec,01-12-1949,0
1950,Jan,01-01-1950,0.965
1950,Feb,01-02-1950,0
1950,Mar,01-03-1950,4.053
1950,Apr,01-04-1950,0
1950,May,01-05-1950,4.928
1950,Jun,01-06-1950,13.713
1950,Jul,01-07-1950,251.4
1950,Aug,01-08-1950,68.196
1950,Sep,01-09-1950,129.235
1950,Oct,01-10-1950,0.404
1950,Nov,01-11-1950,0.071
1950,Dec,01-12-1950,0.958
1951,Jan,01-01-1951,0.54
1951,Feb,01-02-1951,0
1951,Mar,01-03-1951,5.108
1951,Apr,01-04-1951,4.161
1951,May,01-05-1951,13.217
1951,Jun,01-06-1951,77.364
1951,Jul,01-07-1951,95.699
1951,Aug,01-08-1951,188.917
1951,Sep,01-09-1951,41.008
1951,Oct,01-10-1951,6.908
1951,Nov,01-11-1951,68.25
1951,Dec,01-12-1951,0
1952,Jan,01-01-1952,0
1952,Feb,01-02-1952,1.972
1952,Mar,01-03-1952,1.166
1952,Apr,01-04-1952,2.353
1952,May,01-05-1952,2.067
1952,Jun,01-06-1952,34.423
1952,Jul,01-07-1952,317.529
1952,Aug,01-08-1952,217.25
1952,Sep,01-09-1952,10.932
1952,Oct,01-10-1952,0.103
1952,Nov,01-11-1952,0.039
1952,Dec,01-12-1952,4.69
1953,Jan,01-01-1953,4.531
1953,Feb,01-02-1953,0
1953,Mar,01-03-1953,0
1953,Apr,01-04-1953,2.362
1953,May,01-05-1953,3.038
1953,Jun,01-06-1953,45.111
1953,Jul,01-07-1953,151.471
1953,Aug,01-08-1953,216.061
1953,Sep,01-09-1953,96.931
1953,Oct,01-10-1953,1.558
1953,Nov,01-11-1953,0.039
1953,Dec,01-12-1953,0
1954,Jan,01-01-1954,5.384
1954,Feb,01-02-1954,5.038
1954,Mar,01-03-1954,2.846
1954,Apr,01-04-1954,0
1954,May,01-05-1954,0.866
1954,Jun,01-06-1954,14.385
1954,Jul,01-07-1954,205.595
1954,Aug,01-08-1954,123.697
1954,Sep,01-09-1954,229.512
1954,Oct,01-10-1954,29.153
1954,Nov,01-11-1954,21.421
1954,Dec,01-12-1954,0
1955,Jan,01-01-1955,2.05
1955,Feb,01-02-1955,0
1955,Mar,01-03-1955,0.832
1955,Apr,01-04-1955,0.07
1955,May,01-05-1955,6.652
1955,Jun,01-06-1955,50.621
1955,Jul,01-07-1955,69.147
1955,Aug,01-08-1955,287.089
1955,Sep,01-09-1955,175.707
1955,Oct,01-10-1955,16.698
1955,Nov,01-11-1955,0.039
1955,Dec,01-12-1955,5.585
1956,Jan,01-01-1956,7.589
1956,Feb,01-02-1956,0.04
1956,Mar,01-03-1956,14.427
1956,Apr,01-04-1956,2.124
1956,May,01-05-1956,1.035
1956,Jun,01-06-1956,51.545
1956,Jul,01-07-1956,453.715
1956,Aug,01-08-1956,124.528
1956,Sep,01-09-1956,21.758
1956,Oct,01-10-1956,43.796
1956,Nov,01-11-1956,4.227
1956,Dec,01-12-1956,2.286
1957,Jan,01-01-1957,8.074
1957,Feb,01-02-1957,0
1957,Mar,01-03-1957,15.993
1957,Apr,01-04-1957,2.307
1957,May,01-05-1957,9.312
1957,Jun,01-06-1957,38.781
1957,Jul,01-07-1957,139.824
1957,Aug,01-08-1957,199.463
1957,Sep,01-09-1957,36.7
1957,Oct,01-10-1957,1.59
1957,Nov,01-11-1957,17.9
1957,Dec,01-12-1957,0.601
1958,Jan,01-01-1958,0.188
1958,Feb,01-02-1958,0.354
1958,Mar,01-03-1958,0.969
1958,Apr,01-04-1958,0.486
1958,May,01-05-1958,6.727
1958,Jun,01-06-1958,19.936
1958,Jul,01-07-1958,203.837
1958,Aug,01-08-1958,93.242
1958,Sep,01-09-1958,296.981
1958,Oct,01-10-1958,9.898
1958,Nov,01-11-1958,80.974
1958,Dec,01-12-1958,6.205
1959,Jan,01-01-1959,1.238
1959,Feb,01-02-1959,0.485
1959,Mar,01-03-1959,0.562
1959,Apr,01-04-1959,1.977
1959,May,01-05-1959,14.824
1959,Jun,01-06-1959,70.249
1959,Jul,01-07-1959,178.568
1959,Aug,01-08-1959,133.771
1959,Sep,01-09-1959,169.354
1959,Oct,01-10-1959,6.555
1959,Nov,01-11-1959,24.177
1959,Dec,01-12-1959,0
1960,Jan,01-01-1960,1.398
1960,Feb,01-02-1960,0
1960,Mar,01-03-1960,1.119
1960,Apr,01-04-1960,0
1960,May,01-05-1960,7.132
1960,Jun,01-06-1960,62.209
1960,Jul,01-07-1960,136.085
1960,Aug,01-08-1960,105.438
1960,Sep,01-09-1960,19.715
1960,Oct,01-10-1960,10.077
1960,Nov,01-11-1960,0.039
1960,Dec,01-12-1960,0.792
1961,Jan,01-01-1961,5.059
1961,Feb,01-02-1961,11.674
1961,Mar,01-03-1961,0
1961,Apr,01-04-1961,10.683
1961,May,01-05-1961,8.026
1961,Jun,01-06-1961,48.701
1961,Jul,01-07-1961,135.594
1961,Aug,01-08-1961,152.056
1961,Sep,01-09-1961,225.808
1961,Oct,01-10-1961,12.465
1961,Nov,01-11-1961,2.288
1961,Dec,01-12-1961,0.821
1962,Jan,01-01-1962,1.617
1962,Feb,01-02-1962,0
1962,Mar,01-03-1962,15.765
1962,Apr,01-04-1962,3.193
1962,May,01-05-1962,3.217
1962,Jun,01-06-1962,13.434
1962,Jul,01-07-1962,251.751
1962,Aug,01-08-1962,89.406
1962,Sep,01-09-1962,113.312
1962,Oct,01-10-1962,0
1962,Nov,01-11-1962,5.161
1962,Dec,01-12-1962,3.023
1963,Jan,01-01-1963,0.91
1963,Feb,01-02-1963,2.502
1963,Mar,01-03-1963,3.128
1963,Apr,01-04-1963,0.348
1963,May,01-05-1963,2.812
1963,Jun,01-06-1963,19.654
1963,Jul,01-07-1963,68.026
1963,Aug,01-08-1963,167.707
1963,Sep,01-09-1963,103.93
1963,Oct,01-10-1963,10.422
1963,Nov,01-11-1963,27.105
1963,Dec,01-12-1963,1.629
1964,Jan,01-01-1964,0
1964,Feb,01-02-1964,0
1964,Mar,01-03-1964,0.547
1964,Apr,01-04-1964,0
1964,May,01-05-1964,20.572
1964,Jun,01-06-1964,38.024
1964,Jul,01-07-1964,221.673
1964,Aug,01-08-1964,231.847
1964,Sep,01-09-1964,68.687
1964,Oct,01-10-1964,6.409
1964,Nov,01-11-1964,0.039
1964,Dec,01-12-1964,6.205
1965,Jan,01-01-1965,5.913
1965,Feb,01-02-1965,1.438
1965,Mar,01-03-1965,6.031
1965,Apr,01-04-1965,1.544
1965,May,01-05-1965,0.492
1965,Jun,01-06-1965,12.905
1965,Jul,01-07-1965,306.552
1965,Aug,01-08-1965,103.157
1965,Sep,01-09-1965,24.031
1965,Oct,01-10-1965,4.03
1965,Nov,01-11-1965,0.039
1965,Dec,01-12-1965,0.4
1966,Jan,01-01-1966,0
1966,Feb,01-02-1966,0.183
1966,Mar,01-03-1966,0
1966,Apr,01-04-1966,0
1966,May,01-05-1966,15.914
1966,Jun,01-06-1966,49.175
1966,Jul,01-07-1966,191.453
1966,Aug,01-08-1966,239.483
1966,Sep,01-09-1966,79.71
1966,Oct,01-10-1966,0
1966,Nov,01-11-1966,22.862
1966,Dec,01-12-1966,0.478
1967,Jan,01-01-1967,0
1967,Feb,01-02-1967,0
1967,Mar,01-03-1967,50.2
1967,Apr,01-04-1967,0.277
1967,May,01-05-1967,5.947
1967,Jun,01-06-1967,102.316
1967,Jul,01-07-1967,233.313
1967,Aug,01-08-1967,224.185
1967,Sep,01-09-1967,188.78
1967,Oct,01-10-1967,27.233
1967,Nov,01-11-1967,0.039
1967,Dec,01-12-1967,9.852
1968,Jan,01-01-1968,1.848
1968,Feb,01-02-1968,1.679
1968,Mar,01-03-1968,12.542
1968,Apr,01-04-1968,0.326
1968,May,01-05-1968,3.443
1968,Jun,01-06-1968,6.259
1968,Jul,01-07-1968,197.657
1968,Aug,01-08-1968,89.668
1968,Sep,01-09-1968,14.912
1968,Oct,01-10-1968,3.689
1968,Nov,01-11-1968,0.039
1968,Dec,01-12-1968,0
1969,Jan,01-01-1969,6.052
1969,Feb,01-02-1969,0.872
1969,Mar,01-03-1969,0.312
1969,Apr,01-04-1969,0
1969,May,01-05-1969,4.085
1969,Jun,01-06-1969,17.161
1969,Jul,01-07-1969,144.558
1969,Aug,01-08-1969,109.526
1969,Sep,01-09-1969,86.345
1969,Oct,01-10-1969,0
1969,Nov,01-11-1969,5.077
1969,Dec,01-12-1969,0
1970,Jan,01-01-1970,3.647
1970,Feb,01-02-1970,3.23
1970,Mar,01-03-1970,3.967
1970,Apr,01-04-1970,4.309
1970,May,01-05-1970,15.802
1970,Jun,01-06-1970,107.894
1970,Jul,01-07-1970,96.931
1970,Aug,01-08-1970,339.508
1970,Sep,01-09-1970,152.583
1970,Oct,01-10-1970,0.019
1970,Nov,01-11-1970,0.039
1970,Dec,01-12-1970,0
